"Benchmark","Mode","Threads","Samples","Score","Score Error (99,9%)","Unit","Param: density","Param: heapType","Param: size"
"benchmarks.DijkstraBenchmark.runDijkstra","avgt",1,5,"1,401417","0,005908","ms/op",10,PAIRING,100
"benchmarks.DijkstraBenchmark.runDijkstra:gc.alloc.rate","avgt",1,5,"398,334422","1,682921","MB/sec",10,PAIRING,100
"benchmarks.DijkstraBenchmark.runDijkstra:gc.alloc.rate.norm","avgt",1,5,"585360,972169","0,012876","B/op",10,PAIRING,100
"benchmarks.DijkstraBenchmark.runDijkstra:gc.count","avgt",1,5,"54,000000",NaN,"counts",10,PAIRING,100
"benchmarks.DijkstraBenchmark.runDijkstra:gc.time","avgt",1,5,"48,000000",NaN,"ms",10,PAIRING,100
"benchmarks.DijkstraBenchmark.runDijkstra","avgt",1,5,"23,747265","0,165811","ms/op",10,PAIRING,500
"benchmarks.DijkstraBenchmark.runDijkstra:gc.alloc.rate","avgt",1,5,"145,933738","1,018069","MB/sec",10,PAIRING,500
"benchmarks.DijkstraBenchmark.runDijkstra:gc.alloc.rate.norm","avgt",1,5,"3633992,402131","0,168236","B/op",10,PAIRING,500
"benchmarks.DijkstraBenchmark.runDijkstra:gc.count","avgt",1,5,"16,000000",NaN,"counts",10,PAIRING,500
"benchmarks.DijkstraBenchmark.runDijkstra:gc.time","avgt",1,5,"11,000000",NaN,"ms",10,PAIRING,500
"benchmarks.DijkstraBenchmark.runDijkstra","avgt",1,5,"44,174494","3,286014","ms/op",10,PAIRING,1000
"benchmarks.DijkstraBenchmark.runDijkstra:gc.alloc.rate","avgt",1,5,"167,042224","12,131939","MB/sec",10,PAIRING,1000
"benchmarks.DijkstraBenchmark.runDijkstra:gc.alloc.rate.norm","avgt",1,5,"7735367,403670","53,128160","B/op",10,PAIRING,1000
"benchmarks.DijkstraBenchmark.runDijkstra:gc.count","avgt",1,5,"12,000000",NaN,"counts",10,PAIRING,1000
"benchmarks.DijkstraBenchmark.runDijkstra:gc.time","avgt",1,5,"14,000000",NaN,"ms",10,PAIRING,1000
"benchmarks.DijkstraBenchmark.runDijkstra","avgt",1,5,"0,960729","0,011306","ms/op",10,BINARY,100
"benchmarks.DijkstraBenchmark.runDijkstra:gc.alloc.rate","avgt",1,5,"90,133033","1,060019","MB/sec",10,BINARY,100
"benchmarks.DijkstraBenchmark.runDijkstra:gc.alloc.rate.norm","avgt",1,5,"90800,962841","1,698994","B/op",10,BINARY,100
"benchmarks.DijkstraBenchmark.runDijkstra:gc.count","avgt",1,5,"10,000000",NaN,"counts",10,BINARY,100
"benchmarks.DijkstraBenchmark.runDijkstra:gc.time","avgt",1,5,"16,000000",NaN,"ms",10,BINARY,100
"benchmarks.DijkstraBenchmark.runDijkstra","avgt",1,5,"16,426781","0,099799","ms/op",10,BINARY,500
"benchmarks.DijkstraBenchmark.runDijkstra:gc.alloc.rate","avgt",1,5,"25,010388","0,152580","MB/sec",10,BINARY,500
"benchmarks.DijkstraBenchmark.runDijkstra:gc.alloc.rate.norm","avgt",1,5,"430811,316051","0,145479","B/op",10,BINARY,500
"benchmarks.DijkstraBenchmark.runDijkstra:gc.count","avgt",1,5,"3,000000",NaN,"counts",10,BINARY,500
"benchmarks.DijkstraBenchmark.runDijkstra:gc.time","avgt",1,5,"11,000000",NaN,"ms",10,BINARY,500
"benchmarks.DijkstraBenchmark.runDijkstra","avgt",1,5,"34,321741","0,161405","ms/op",10,BINARY,1000
"benchmarks.DijkstraBenchmark.runDijkstra:gc.alloc.rate","avgt",1,5,"23,774177","0,111286","MB/sec",10,BINARY,1000
"benchmarks.DijkstraBenchmark.runDijkstra:gc.alloc.rate.norm","avgt",1,5,"855628,821748","44,351631","B/op",10,BINARY,1000
"benchmarks.DijkstraBenchmark.runDijkstra:gc.count","avgt",1,5,"4,000000",NaN,"counts",10,BINARY,1000
"benchmarks.DijkstraBenchmark.runDijkstra:gc.time","avgt",1,5,"11,000000",NaN,"ms",10,BINARY,1000
"benchmarks.DijkstraBenchmark.runDijkstra","avgt",1,5,"1,699152","0,169993","ms/op",10,FIBONACCI,100
"benchmarks.DijkstraBenchmark.runDijkstra:gc.alloc.rate","avgt",1,5,"437,340291","43,720008","MB/sec",10,FIBONACCI,100
"benchmarks.DijkstraBenchmark.runDijkstra:gc.alloc.rate.norm","avgt",1,5,"778801,177583","0,120575","B/op",10,FIBONACCI,100
"benchmarks.DijkstraBenchmark.runDijkstra:gc.count","avgt",1,5,"52,000000",NaN,"counts",10,FIBONACCI,100
"benchmarks.DijkstraBenchmark.runDijkstra:gc.time","avgt",1,5,"51,000000",NaN,"ms",10,FIBONACCI,100
"benchmarks.DijkstraBenchmark.runDijkstra","avgt",1,5,"22,359465","0,139868","ms/op",10,FIBONACCI,500
"benchmarks.DijkstraBenchmark.runDijkstra:gc.alloc.rate","avgt",1,5,"238,167087","1,495253","MB/sec",10,FIBONACCI,500
"benchmarks.DijkstraBenchmark.runDijkstra:gc.alloc.rate.norm","avgt",1,5,"5584095,464045","0,097320","B/op",10,FIBONACCI,500
"benchmarks.DijkstraBenchmark.runDijkstra:gc.count","avgt",1,5,"25,000000",NaN,"counts",10,FIBONACCI,500
"benchmarks.DijkstraBenchmark.runDijkstra:gc.time","avgt",1,5,"23,000000",NaN,"ms",10,FIBONACCI,500
"benchmarks.DijkstraBenchmark.runDijkstra","avgt",1,5,"46,471349","0,289017","ms/op",10,FIBONACCI,1000
"benchmarks.DijkstraBenchmark.runDijkstra:gc.alloc.rate","avgt",1,5,"250,019826","1,557870","MB/sec",10,FIBONACCI,1000
"benchmarks.DijkstraBenchmark.runDijkstra:gc.alloc.rate.norm","avgt",1,5,"12183418,299397","55,983668","B/op",10,FIBONACCI,1000
"benchmarks.DijkstraBenchmark.runDijkstra:gc.count","avgt",1,5,"18,000000",NaN,"counts",10,FIBONACCI,1000
"benchmarks.DijkstraBenchmark.runDijkstra:gc.time","avgt",1,5,"15,000000",NaN,"ms",10,FIBONACCI,1000
"benchmarks.DijkstraBenchmark.runDijkstra","avgt",1,5,"2,579665","0,084105","ms/op",30,PAIRING,100
"benchmarks.DijkstraBenchmark.runDijkstra:gc.alloc.rate","avgt",1,5,"233,030389","7,570310","MB/sec",30,PAIRING,100
"benchmarks.DijkstraBenchmark.runDijkstra:gc.alloc.rate.norm","avgt",1,5,"630321,787700","0,065569","B/op",30,PAIRING,100
"benchmarks.DijkstraBenchmark.runDijkstra:gc.count","avgt",1,5,"25,000000",NaN,"counts",30,PAIRING,100
"benchmarks.DijkstraBenchmark.runDijkstra:gc.time","avgt",1,5,"35,000000",NaN,"ms",30,PAIRING,100
"benchmarks.DijkstraBenchmark.runDijkstra","avgt",1,5,"51,124702","12,395947","ms/op",30,PAIRING,500
"benchmarks.DijkstraBenchmark.runDijkstra:gc.alloc.rate","avgt",1,5,"72,723786","18,325230","MB/sec",30,PAIRING,500
"benchmarks.DijkstraBenchmark.runDijkstra:gc.alloc.rate.norm","avgt",1,5,"3885798,351365","51,079193","B/op",30,PAIRING,500
"benchmarks.DijkstraBenchmark.runDijkstra:gc.count","avgt",1,5,"4,000000",NaN,"counts",30,PAIRING,500
"benchmarks.DijkstraBenchmark.runDijkstra:gc.time","avgt",1,5,"5,000000",NaN,"ms",30,PAIRING,500
"benchmarks.DijkstraBenchmark.runDijkstra","avgt",1,5,"97,486412","2,022877","ms/op",30,PAIRING,1000
"benchmarks.DijkstraBenchmark.runDijkstra:gc.alloc.rate","avgt",1,5,"79,309891","1,636058","MB/sec",30,PAIRING,1000
"benchmarks.DijkstraBenchmark.runDijkstra:gc.alloc.rate.norm","avgt",1,5,"8107251,171462","1,851531","B/op",30,PAIRING,1000
"benchmarks.DijkstraBenchmark.runDijkstra:gc.count","avgt",1,5,"5,000000",NaN,"counts",30,PAIRING,1000
"benchmarks.DijkstraBenchmark.runDijkstra:gc.time","avgt",1,5,"4,000000",NaN,"ms",30,PAIRING,1000
"benchmarks.DijkstraBenchmark.runDijkstra","avgt",1,5,"1,871383","0,020099","ms/op",30,BINARY,100
"benchmarks.DijkstraBenchmark.runDijkstra:gc.alloc.rate","avgt",1,5,"46,272291","0,497187","MB/sec",30,BINARY,100
"benchmarks.DijkstraBenchmark.runDijkstra:gc.alloc.rate.norm","avgt",1,5,"90801,294575","0,022724","B/op",30,BINARY,100
"benchmarks.DijkstraBenchmark.runDijkstra:gc.count","avgt",1,5,"5,000000",NaN,"counts",30,BINARY,100
"benchmarks.DijkstraBenchmark.runDijkstra:gc.time","avgt",1,5,"9,000000",NaN,"ms",30,BINARY,100
"benchmarks.DijkstraBenchmark.runDijkstra","avgt",1,5,"42,435522","22,315304","ms/op",30,BINARY,500
"benchmarks.DijkstraBenchmark.runDijkstra:gc.alloc.rate","avgt",1,5,"9,815405","4,704703","MB/sec",30,BINARY,500
"benchmarks.DijkstraBenchmark.runDijkstra:gc.alloc.rate.norm","avgt",1,5,"430840,671671","76,465620","B/op",30,BINARY,500
"benchmarks.DijkstraBenchmark.runDijkstra:gc.count","avgt",1,5,"1,000000",NaN,"counts",30,BINARY,500
"benchmarks.DijkstraBenchmark.runDijkstra:gc.time","avgt",1,5,"31,000000",NaN,"ms",30,BINARY,500
"benchmarks.DijkstraBenchmark.runDijkstra","avgt",1,5,"79,181535","1,899490","ms/op",30,BINARY,1000
"benchmarks.DijkstraBenchmark.runDijkstra:gc.alloc.rate","avgt",1,5,"10,305966","0,246295","MB/sec",30,BINARY,1000
"benchmarks.DijkstraBenchmark.runDijkstra:gc.alloc.rate.norm","avgt",1,5,"855681,892203","36,818256","B/op",30,BINARY,1000
"benchmarks.DijkstraBenchmark.runDijkstra:gc.count","avgt",1,5,"1,000000",NaN,"counts",30,BINARY,1000
"benchmarks.DijkstraBenchmark.runDijkstra:gc.time","avgt",1,5,"14,000000",NaN,"ms",30,BINARY,1000
"benchmarks.DijkstraBenchmark.runDijkstra","avgt",1,5,"2,773674","0,091706","ms/op",30,FIBONACCI,100
"benchmarks.DijkstraBenchmark.runDijkstra:gc.alloc.rate","avgt",1,5,"267,783661","8,792131","MB/sec",30,FIBONACCI,100
"benchmarks.DijkstraBenchmark.runDijkstra:gc.alloc.rate.norm","avgt",1,5,"778801,918577","0,059528","B/op",30,FIBONACCI,100
"benchmarks.DijkstraBenchmark.runDijkstra:gc.count","avgt",1,5,"26,000000",NaN,"counts",30,FIBONACCI,100
"benchmarks.DijkstraBenchmark.runDijkstra:gc.time","avgt",1,5,"33,000000",NaN,"ms",30,FIBONACCI,100
"benchmarks.DijkstraBenchmark.runDijkstra","avgt",1,5,"47,750261","0,088013","ms/op",30,FIBONACCI,500
"benchmarks.DijkstraBenchmark.runDijkstra:gc.alloc.rate","avgt",1,5,"115,937992","0,212676","MB/sec",30,FIBONACCI,500
"benchmarks.DijkstraBenchmark.runDijkstra:gc.alloc.rate.norm","avgt",1,5,"5805147,672381","57,983822","B/op",30,FIBONACCI,500
"benchmarks.DijkstraBenchmark.runDijkstra:gc.count","avgt",1,5,"7,000000",NaN,"counts",30,FIBONACCI,500
"benchmarks.DijkstraBenchmark.runDijkstra:gc.time","avgt",1,5,"8,000000",NaN,"ms",30,FIBONACCI,500
"benchmarks.DijkstraBenchmark.runDijkstra","avgt",1,5,"100,899789","3,463202","ms/op",30,FIBONACCI,1000
"benchmarks.DijkstraBenchmark.runDijkstra:gc.alloc.rate","avgt",1,5,"118,877753","4,041861","MB/sec",30,FIBONACCI,1000
"benchmarks.DijkstraBenchmark.runDijkstra:gc.alloc.rate.norm","avgt",1,5,"12576869,659429","2,632803","B/op",30,FIBONACCI,1000
"benchmarks.DijkstraBenchmark.runDijkstra:gc.count","avgt",1,5,"5,000000",NaN,"counts",30,FIBONACCI,1000
"benchmarks.DijkstraBenchmark.runDijkstra:gc.time","avgt",1,5,"4,000000",NaN,"ms",30,FIBONACCI,1000
"benchmarks.DijkstraBenchmark.runDijkstra","avgt",1,5,"4,292061","0,065245","ms/op",50,PAIRING,100
"benchmarks.DijkstraBenchmark.runDijkstra:gc.alloc.rate","avgt",1,5,"144,474581","2,201945","MB/sec",50,PAIRING,100
"benchmarks.DijkstraBenchmark.runDijkstra:gc.alloc.rate.norm","avgt",1,5,"650226,971549","0,058816","B/op",50,PAIRING,100
"benchmarks.DijkstraBenchmark.runDijkstra:gc.count","avgt",1,5,"12,000000",NaN,"counts",50,PAIRING,100
"benchmarks.DijkstraBenchmark.runDijkstra:gc.time","avgt",1,5,"30,000000",NaN,"ms",50,PAIRING,100
"benchmarks.DijkstraBenchmark.runDijkstra","avgt",1,5,"64,204256","0,676384","ms/op",50,PAIRING,500
"benchmarks.DijkstraBenchmark.runDijkstra:gc.alloc.rate","avgt",1,5,"58,823770","0,621261","MB/sec",50,PAIRING,500
"benchmarks.DijkstraBenchmark.runDijkstra:gc.alloc.rate.norm","avgt",1,5,"3960251,010420","54,402177","B/op",50,PAIRING,500
"benchmarks.DijkstraBenchmark.runDijkstra:gc.count","avgt",1,5,"2,000000",NaN,"counts",50,PAIRING,500
"benchmarks.DijkstraBenchmark.runDijkstra:gc.time","avgt",1,5,"18,000000",NaN,"ms",50,PAIRING,500
"benchmarks.DijkstraBenchmark.runDijkstra","avgt",1,5,"157,802807","75,370078","ms/op",50,PAIRING,1000
"benchmarks.DijkstraBenchmark.runDijkstra:gc.alloc.rate","avgt",1,5,"49,958191","20,460959","MB/sec",50,PAIRING,1000
"benchmarks.DijkstraBenchmark.runDijkstra:gc.alloc.rate.norm","avgt",1,5,"8179484,585777","59,107696","B/op",50,PAIRING,1000
"benchmarks.DijkstraBenchmark.runDijkstra:gc.count","avgt",1,5,"3,000000",NaN,"counts",50,PAIRING,1000
"benchmarks.DijkstraBenchmark.runDijkstra:gc.time","avgt",1,5,"105,000000",NaN,"ms",50,PAIRING,1000
"benchmarks.DijkstraBenchmark.runDijkstra","avgt",1,5,"2,931963","0,038865","ms/op",50,BINARY,100
"benchmarks.DijkstraBenchmark.runDijkstra:gc.alloc.rate","avgt",1,5,"29,534574","0,392320","MB/sec",50,BINARY,100
"benchmarks.DijkstraBenchmark.runDijkstra:gc.alloc.rate.norm","avgt",1,5,"90802,021475","0,037563","B/op",50,BINARY,100
"benchmarks.DijkstraBenchmark.runDijkstra:gc.count","avgt",1,5,"3,000000",NaN,"counts",50,BINARY,100
"benchmarks.DijkstraBenchmark.runDijkstra:gc.time","avgt",1,5,"9,000000",NaN,"ms",50,BINARY,100
"benchmarks.DijkstraBenchmark.runDijkstra","avgt",1,5,"82,148592","5,963156","ms/op",50,BINARY,500
"benchmarks.DijkstraBenchmark.runDijkstra:gc.alloc.rate","avgt",1,5,"5,003445","0,358990","MB/sec",50,BINARY,500
"benchmarks.DijkstraBenchmark.runDijkstra:gc.alloc.rate.norm","avgt",1,5,"430883,111901","45,556905","B/op",50,BINARY,500
"benchmarks.DijkstraBenchmark.runDijkstra:gc.count","avgt",1,5,"0,000000",NaN,"counts",50,BINARY,500
"benchmarks.DijkstraBenchmark.runDijkstra","avgt",1,5,"180,631798","1,904072","ms/op",50,BINARY,1000
"benchmarks.DijkstraBenchmark.runDijkstra:gc.alloc.rate","avgt",1,5,"4,518025","0,047647","MB/sec",50,BINARY,1000
"benchmarks.DijkstraBenchmark.runDijkstra:gc.alloc.rate.norm","avgt",1,5,"855754,885714","1,840960","B/op",50,BINARY,1000
"benchmarks.DijkstraBenchmark.runDijkstra:gc.count","avgt",1,5,"0,000000",NaN,"counts",50,BINARY,1000
"benchmarks.DijkstraBenchmark.runDijkstra","avgt",1,5,"4,007161","0,064117","ms/op",50,FIBONACCI,100
"benchmarks.DijkstraBenchmark.runDijkstra:gc.alloc.rate","avgt",1,5,"185,347426","2,960000","MB/sec",50,FIBONACCI,100
"benchmarks.DijkstraBenchmark.runDijkstra:gc.alloc.rate.norm","avgt",1,5,"778802,776755","0,065349","B/op",50,FIBONACCI,100
"benchmarks.DijkstraBenchmark.runDijkstra:gc.count","avgt",1,5,"15,000000",NaN,"counts",50,FIBONACCI,100
"benchmarks.DijkstraBenchmark.runDijkstra:gc.time","avgt",1,5,"30,000000",NaN,"ms",50,FIBONACCI,100
"benchmarks.DijkstraBenchmark.runDijkstra","avgt",1,5,"65,623710","0,953787","ms/op",50,FIBONACCI,500
"benchmarks.DijkstraBenchmark.runDijkstra:gc.alloc.rate","avgt",1,5,"85,349127","1,240451","MB/sec",50,FIBONACCI,500
"benchmarks.DijkstraBenchmark.runDijkstra:gc.alloc.rate.norm","avgt",1,5,"5873027,653801","55,242548","B/op",50,FIBONACCI,500
"benchmarks.DijkstraBenchmark.runDijkstra:gc.count","avgt",1,5,"3,000000",NaN,"counts",50,FIBONACCI,500
"benchmarks.DijkstraBenchmark.runDijkstra:gc.time","avgt",1,5,"22,000000",NaN,"ms",50,FIBONACCI,500
"benchmarks.DijkstraBenchmark.runDijkstra","avgt",1,5,"152,623313","3,965855","ms/op",50,FIBONACCI,1000
"benchmarks.DijkstraBenchmark.runDijkstra:gc.alloc.rate","avgt",1,5,"79,263627","2,074627","MB/sec",50,FIBONACCI,1000
"benchmarks.DijkstraBenchmark.runDijkstra:gc.alloc.rate.norm","avgt",1,5,"12685000,098055","1,690320","B/op",50,FIBONACCI,1000
"benchmarks.DijkstraBenchmark.runDijkstra:gc.count","avgt",1,5,"2,000000",NaN,"counts",50,FIBONACCI,1000
"benchmarks.DijkstraBenchmark.runDijkstra:gc.time","avgt",1,5,"26,000000",NaN,"ms",50,FIBONACCI,1000
"benchmarks.DijkstraBenchmark.runDijkstra","avgt",1,5,"4,923869","0,065339","ms/op",70,PAIRING,100
"benchmarks.DijkstraBenchmark.runDijkstra:gc.alloc.rate","avgt",1,5,"127,860386","1,702588","MB/sec",70,PAIRING,100
"benchmarks.DijkstraBenchmark.runDijkstra:gc.alloc.rate.norm","avgt",1,5,"660155,418687","0,045874","B/op",70,PAIRING,100
"benchmarks.DijkstraBenchmark.runDijkstra:gc.count","avgt",1,5,"11,000000",NaN,"counts",70,PAIRING,100
"benchmarks.DijkstraBenchmark.runDijkstra:gc.time","avgt",1,5,"37,000000",NaN,"ms",70,PAIRING,100
"benchmarks.DijkstraBenchmark.runDijkstra","avgt",1,5,"76,443866","1,830937","ms/op",70,PAIRING,500
"benchmarks.DijkstraBenchmark.runDijkstra:gc.alloc.rate","avgt",1,5,"49,540652","1,184834","MB/sec",70,PAIRING,500
"benchmarks.DijkstraBenchmark.runDijkstra:gc.alloc.rate.norm","avgt",1,5,"3970997,436628","54,589300","B/op",70,PAIRING,500
"benchmarks.DijkstraBenchmark.runDijkstra:gc.count","avgt",1,5,"3,000000",NaN,"counts",70,PAIRING,500
"benchmarks.DijkstraBenchmark.runDijkstra:gc.time","avgt",1,5,"20,000000",NaN,"ms",70,PAIRING,500
"benchmarks.DijkstraBenchmark.runDijkstra","avgt",1,5,"250,674297","267,967213","ms/op",70,PAIRING,1000
"benchmarks.DijkstraBenchmark.runDijkstra:gc.alloc.rate","avgt",1,5,"33,012915","32,042661","MB/sec",70,PAIRING,1000
"benchmarks.DijkstraBenchmark.runDijkstra:gc.alloc.rate.norm","avgt",1,5,"8191915,559084","186,885634","B/op",70,PAIRING,1000
"benchmarks.DijkstraBenchmark.runDijkstra:gc.count","avgt",1,5,"1,000000",NaN,"counts",70,PAIRING,1000
"benchmarks.DijkstraBenchmark.runDijkstra:gc.time","avgt",1,5,"129,000000",NaN,"ms",70,PAIRING,1000
"benchmarks.DijkstraBenchmark.runDijkstra","avgt",1,5,"3,902840","0,092029","ms/op",70,BINARY,100
"benchmarks.DijkstraBenchmark.runDijkstra:gc.alloc.rate","avgt",1,5,"22,187931","0,520452","MB/sec",70,BINARY,100
"benchmarks.DijkstraBenchmark.runDijkstra:gc.alloc.rate.norm","avgt",1,5,"90802,684438","0,074376","B/op",70,BINARY,100
"benchmarks.DijkstraBenchmark.runDijkstra:gc.count","avgt",1,5,"1,000000",NaN,"counts",70,BINARY,100
"benchmarks.DijkstraBenchmark.runDijkstra:gc.time","avgt",1,5,"5,000000",NaN,"ms",70,BINARY,100
"benchmarks.DijkstraBenchmark.runDijkstra","avgt",1,5,"94,378552","1,907803","ms/op",70,BINARY,500
"benchmarks.DijkstraBenchmark.runDijkstra:gc.alloc.rate","avgt",1,5,"4,354099","0,087339","MB/sec",70,BINARY,500
"benchmarks.DijkstraBenchmark.runDijkstra:gc.alloc.rate.norm","avgt",1,5,"430896,315853","1,516399","B/op",70,BINARY,500
"benchmarks.DijkstraBenchmark.runDijkstra:gc.count","avgt",1,5,"0,000000",NaN,"counts",70,BINARY,500
"benchmarks.DijkstraBenchmark.runDijkstra","avgt",1,5,"187,289647","163,283022","ms/op",70,BINARY,1000
"benchmarks.DijkstraBenchmark.runDijkstra:gc.alloc.rate","avgt",1,5,"4,498891","3,008062","MB/sec",70,BINARY,1000
"benchmarks.DijkstraBenchmark.runDijkstra:gc.alloc.rate.norm","avgt",1,5,"855760,000000","114,816649","B/op",70,BINARY,1000
"benchmarks.DijkstraBenchmark.runDijkstra:gc.count","avgt",1,5,"1,000000",NaN,"counts",70,BINARY,1000
"benchmarks.DijkstraBenchmark.runDijkstra:gc.time","avgt",1,5,"142,000000",NaN,"ms",70,BINARY,1000
"benchmarks.DijkstraBenchmark.runDijkstra","avgt",1,5,"5,031683","0,120219","ms/op",70,FIBONACCI,100
"benchmarks.DijkstraBenchmark.runDijkstra:gc.alloc.rate","avgt",1,5,"147,611075","3,502034","MB/sec",70,FIBONACCI,100
"benchmarks.DijkstraBenchmark.runDijkstra:gc.alloc.rate.norm","avgt",1,5,"778803,483431","0,107128","B/op",70,FIBONACCI,100
"benchmarks.DijkstraBenchmark.runDijkstra:gc.count","avgt",1,5,"11,000000",NaN,"counts",70,FIBONACCI,100
"benchmarks.DijkstraBenchmark.runDijkstra:gc.time","avgt",1,5,"33,000000",NaN,"ms",70,FIBONACCI,100
"benchmarks.DijkstraBenchmark.runDijkstra","avgt",1,5,"78,282702","2,042509","ms/op",70,FIBONACCI,500
"benchmarks.DijkstraBenchmark.runDijkstra:gc.alloc.rate","avgt",1,5,"72,026170","1,873972","MB/sec",70,FIBONACCI,500
"benchmarks.DijkstraBenchmark.runDijkstra:gc.alloc.rate.norm","avgt",1,5,"5912239,022044","55,711596","B/op",70,FIBONACCI,500
"benchmarks.DijkstraBenchmark.runDijkstra:gc.count","avgt",1,5,"2,000000",NaN,"counts",70,FIBONACCI,500
"benchmarks.DijkstraBenchmark.runDijkstra:gc.time","avgt",1,5,"3,000000",NaN,"ms",70,FIBONACCI,500
"benchmarks.DijkstraBenchmark.runDijkstra","avgt",1,5,"217,237171","124,714783","ms/op",70,FIBONACCI,1000
"benchmarks.DijkstraBenchmark.runDijkstra:gc.alloc.rate","avgt",1,5,"56,843648","27,198122","MB/sec",70,FIBONACCI,1000
"benchmarks.DijkstraBenchmark.runDijkstra:gc.alloc.rate.norm","avgt",1,5,"12756740,660757","92,857636","B/op",70,FIBONACCI,1000
"benchmarks.DijkstraBenchmark.runDijkstra:gc.count","avgt",1,5,"2,000000",NaN,"counts",70,FIBONACCI,1000
"benchmarks.DijkstraBenchmark.runDijkstra:gc.time","avgt",1,5,"120,000000",NaN,"ms",70,FIBONACCI,1000
"benchmarks.DijkstraBenchmark.runDijkstra","avgt",1,5,"5,795191","0,041076","ms/op",90,PAIRING,100
"benchmarks.DijkstraBenchmark.runDijkstra:gc.alloc.rate","avgt",1,5,"110,136980","0,779431","MB/sec",90,PAIRING,100
"benchmarks.DijkstraBenchmark.runDijkstra:gc.alloc.rate.norm","avgt",1,5,"669284,008347","0,029346","B/op",90,PAIRING,100
"benchmarks.DijkstraBenchmark.runDijkstra:gc.count","avgt",1,5,"7,000000",NaN,"counts",90,PAIRING,100
"benchmarks.DijkstraBenchmark.runDijkstra:gc.time","avgt",1,5,"23,000000",NaN,"ms",90,PAIRING,100
"benchmarks.DijkstraBenchmark.runDijkstra","avgt",1,5,"65,185039","0,891205","ms/op",90,PAIRING,500
"benchmarks.DijkstraBenchmark.runDijkstra:gc.alloc.rate","avgt",1,5,"58,143466","0,795337","MB/sec",90,PAIRING,500
"benchmarks.DijkstraBenchmark.runDijkstra:gc.alloc.rate.norm","avgt",1,5,"3974250,193166","57,913432","B/op",90,PAIRING,500
"benchmarks.DijkstraBenchmark.runDijkstra:gc.count","avgt",1,5,"2,000000",NaN,"counts",90,PAIRING,500
"benchmarks.DijkstraBenchmark.runDijkstra:gc.time","avgt",1,5,"20,000000",NaN,"ms",90,PAIRING,500
"benchmarks.DijkstraBenchmark.runDijkstra","avgt",1,5,"245,853739","11,993453","ms/op",90,PAIRING,1000
"benchmarks.DijkstraBenchmark.runDijkstra:gc.alloc.rate","avgt",1,5,"32,238716","1,554088","MB/sec",90,PAIRING,1000
"benchmarks.DijkstraBenchmark.runDijkstra:gc.alloc.rate.norm","avgt",1,5,"8310176,924692","19,001419","B/op",90,PAIRING,1000
"benchmarks.DijkstraBenchmark.runDijkstra:gc.count","avgt",1,5,"4,000000",NaN,"counts",90,PAIRING,1000
"benchmarks.DijkstraBenchmark.runDijkstra:gc.time","avgt",1,5,"20,000000",NaN,"ms",90,PAIRING,1000
"benchmarks.DijkstraBenchmark.runDijkstra","avgt",1,5,"4,540735","0,145932","ms/op",90,BINARY,100
"benchmarks.DijkstraBenchmark.runDijkstra:gc.alloc.rate","avgt",1,5,"19,071698","0,609538","MB/sec",90,BINARY,100
"benchmarks.DijkstraBenchmark.runDijkstra:gc.alloc.rate.norm","avgt",1,5,"90803,123564","0,155201","B/op",90,BINARY,100
"benchmarks.DijkstraBenchmark.runDijkstra:gc.count","avgt",1,5,"1,000000",NaN,"counts",90,BINARY,100
"benchmarks.DijkstraBenchmark.runDijkstra:gc.time","avgt",1,5,"4,000000",NaN,"ms",90,BINARY,100
"benchmarks.DijkstraBenchmark.runDijkstra","avgt",1,5,"73,805695","1,497404","ms/op",90,BINARY,500
"benchmarks.DijkstraBenchmark.runDijkstra:gc.alloc.rate","avgt",1,5,"5,567448","0,113363","MB/sec",90,BINARY,500
"benchmarks.DijkstraBenchmark.runDijkstra:gc.alloc.rate.norm","avgt",1,5,"430873,189326","53,578530","B/op",90,BINARY,500
"benchmarks.DijkstraBenchmark.runDijkstra:gc.count","avgt",1,5,"0,000000",NaN,"counts",90,BINARY,500
"benchmarks.DijkstraBenchmark.runDijkstra","avgt",1,5,"237,802257","1,316425","ms/op",90,BINARY,1000
"benchmarks.DijkstraBenchmark.runDijkstra:gc.alloc.rate","avgt",1,5,"3,431971","0,018989","MB/sec",90,BINARY,1000
"benchmarks.DijkstraBenchmark.runDijkstra:gc.alloc.rate.norm","avgt",1,5,"855793,242968","6,980296","B/op",90,BINARY,1000
"benchmarks.DijkstraBenchmark.runDijkstra:gc.count","avgt",1,5,"0,000000",NaN,"counts",90,BINARY,1000
"benchmarks.DijkstraBenchmark.runDijkstra","avgt",1,5,"5,824249","0,067495","ms/op",90,FIBONACCI,100
"benchmarks.DijkstraBenchmark.runDijkstra:gc.alloc.rate","avgt",1,5,"127,521198","1,483186","MB/sec",90,FIBONACCI,100
"benchmarks.DijkstraBenchmark.runDijkstra:gc.alloc.rate.norm","avgt",1,5,"778804,035857","0,020245","B/op",90,FIBONACCI,100
"benchmarks.DijkstraBenchmark.runDijkstra:gc.count","avgt",1,5,"9,000000",NaN,"counts",90,FIBONACCI,100
"benchmarks.DijkstraBenchmark.runDijkstra:gc.time","avgt",1,5,"30,000000",NaN,"ms",90,FIBONACCI,100
"benchmarks.DijkstraBenchmark.runDijkstra","avgt",1,5,"66,394273","1,953123","ms/op",90,FIBONACCI,500
"benchmarks.DijkstraBenchmark.runDijkstra:gc.alloc.rate","avgt",1,5,"85,386637","2,507938","MB/sec",90,FIBONACCI,500
"benchmarks.DijkstraBenchmark.runDijkstra:gc.alloc.rate.norm","avgt",1,5,"5944435,369404","57,472685","B/op",90,FIBONACCI,500
"benchmarks.DijkstraBenchmark.runDijkstra:gc.count","avgt",1,5,"3,000000",NaN,"counts",90,FIBONACCI,500
"benchmarks.DijkstraBenchmark.runDijkstra:gc.time","avgt",1,5,"19,000000",NaN,"ms",90,FIBONACCI,500
"benchmarks.DijkstraBenchmark.runDijkstra","avgt",1,5,"257,600972","3,650988","ms/op",90,FIBONACCI,1000
"benchmarks.DijkstraBenchmark.runDijkstra:gc.alloc.rate","avgt",1,5,"47,312737","0,666444","MB/sec",90,FIBONACCI,1000
"benchmarks.DijkstraBenchmark.runDijkstra:gc.alloc.rate.norm","avgt",1,5,"12780065,189744","6,153938","B/op",90,FIBONACCI,1000
"benchmarks.DijkstraBenchmark.runDijkstra:gc.count","avgt",1,5,"1,000000",NaN,"counts",90,FIBONACCI,1000
"benchmarks.DijkstraBenchmark.runDijkstra:gc.time","avgt",1,5,"16,000000",NaN,"ms",90,FIBONACCI,1000
